compound_id,target_id,label,predicted_pki
1368030,577,active,7.318634
1368042,577,active,6.979156
1368046,577,active,6.787856
1368052,577,active,6.851466
1376051,577,inactive,6.540831
1377118,577,inactive,5.894302
1390890,577,active,5.642421
1393558,577,inactive,5.426597
1393559,577,inactive,5.105207
1393563,577,inactive,5.330035
1393573,577,inactive,5.643140
1393577,577,active,6.038845
1426410,577,inactive,6.184335
1426422,577,inactive,6.409254
1426423,577,active,6.651331
1426428,577,active,6.567294
1426505,577,active,6.697477
1426506,577,active,9.244124
1426516,577,inactive,5.620318
1426538,577,inactive,5.681600
1426539,577,inactive,6.036011
1426919,577,active,8.131459
1426929,577,active,6.561117
1427196,577,inactive,5.882564
1427202,577,inactive,6.546262
1427245,577,inactive,5.743396
1427246,577,inactive,6.996108
1427337,577,inactive,6.793319
1427365,577,active,5.598721
1427588,577,active,7.984013
1427852,577,inactive,7.220545
1427935,577,inactive,6.233000
1427955,577,inactive,5.929199
1428006,577,active,8.428204
1428028,577,inactive,5.668021
1428036,577,active,6.947922
1430024,577,active,6.937775
1430025,577,active,6.782848
1430026,577,active,6.914503
1430032,577,active,6.956397
1430033,577,inactive,7.221923
1430035,577,active,7.002077
1430226,577,active,5.743380
1430641,577,active,7.507871
1430710,577,active,6.432451
1431059,577,inactive,6.092321
1431262,577,inactive,4.741861
1431677,577,inactive,6.075496
1431983,577,inactive,6.459196
1431991,577,active,8.261130
1432140,577,inactive,5.673595
1432142,577,inactive,5.706618
1432477,577,active,6.966571
1432495,577,active,5.569304
1432594,577,inactive,6.265420
1432596,577,active,6.668197
1432598,577,inactive,5.107371
1432615,577,inactive,4.662326
1432616,577,inactive,5.365875
1432751,577,inactive,5.441944
1432752,577,inactive,5.681232
1432769,577,inactive,5.526765
1432788,577,active,7.784854
1432905,577,active,7.007106
1445078,577,inactive,6.040019
1454079,577,inactive,5.996742
1454087,577,active,6.615994
1454088,577,active,6.463491
1454091,577,active,6.435288
1454096,577,active,6.946860
1454097,577,active,6.261516
1454109,577,active,5.912986
1454113,577,inactive,5.772300
1454120,577,active,5.545234
1454127,577,active,6.015384
1454130,577,active,5.699991
1454131,577,active,6.344768
1454133,577,active,5.810196
1454134,577,inactive,5.880008
1454136,577,active,5.992037
1454138,577,inactive,5.594719
1454147,577,active,5.634402
1454148,577,active,5.754722
1454151,577,active,6.140986
1454166,577,inactive,5.747034
1454169,577,active,6.459327
1454180,577,inactive,6.037245
1454183,577,inactive,5.622211
1454184,577,inactive,5.577624
1454187,577,inactive,5.797960
1454188,577,active,6.316907
1454190,577,active,5.898802
1454200,577,inactive,6.091591
1455123,577,active,6.004220
1455127,577,active,6.491107
1455133,577,active,6.291710
1455137,577,active,6.617344
1455139,577,active,6.543408
1455143,577,active,6.303744
1455149,577,active,6.155682
1455152,577,active,6.236547
1455153,577,active,6.426043
1455169,577,active,6.458298
1455170,577,active,6.417930
1455174,577,active,6.188813
1455178,577,inactive,6.956358
1455186,577,active,6.431504
1455196,577,active,6.546270
1455197,577,active,6.463149
1469298,577,active,6.388050
1469311,577,active,6.892692
1469314,577,active,6.917820
1469330,577,active,6.922316
1469333,577,active,6.475901
1469335,577,active,6.461838
1469340,577,inactive,6.481065
1469343,577,active,6.809690
1469347,577,active,6.838918
1469355,577,active,7.141055
1469357,577,active,7.003686
1469358,577,active,7.254153
1469361,577,active,7.269962
1469366,577,active,6.939126
1469371,577,active,7.085300
1471648,577,active,7.523326
1486027,577,active,6.654830
1486034,577,active,6.562286
1486036,577,active,6.120179
1486039,577,active,5.963139
1486044,577,active,6.185418
1486045,577,active,5.893630
1486050,577,active,6.181090
1486052,577,active,6.273481
1486056,577,active,6.144193
1486071,577,active,6.526549
1486074,577,active,6.461991
1486080,577,inactive,6.090193
1486084,577,active,6.176371
1486087,577,active,6.305660
1486092,577,inactive,6.260785
1486097,577,active,6.281033
1486100,577,active,5.971325
1486106,577,active,6.411739
1486112,577,active,6.434681
1486114,577,active,6.197352
1486118,577,active,6.144336
1488875,577,active,8.456006
1489330,577,active,6.445437
1489334,577,active,7.071474
1489339,577,active,6.855415
1489343,577,active,7.248792
1489346,577,active,7.327169
1489349,577,active,6.596294
1489350,577,active,6.922575
1489351,577,active,7.310224
1489352,577,active,6.878218
1489358,577,active,7.547105
1489361,577,active,7.030754
1489366,577,active,6.864554
1489367,577,active,6.782444
1489368,577,active,7.054333
1489371,577,active,6.804211
1489374,577,active,6.973879
1489379,577,active,6.832762
1489383,577,active,7.010841
1489386,577,active,6.639742
1489395,577,active,7.202724
1489396,577,active,7.102333
1489399,577,active,7.690655
1489403,577,active,7.057305
1489404,577,active,7.163562
1489405,577,active,7.083705
1489407,577,active,7.086369
1491954,577,active,8.038234
1491964,577,active,7.169463
1491965,577,active,7.142922
1491967,577,active,6.846163
1491978,577,active,6.743937
1491983,577,active,7.781097
1512402,577,active,7.405723
1527465,577,active,7.672404
1527478,577,active,7.131642
1527479,577,active,7.093191
1527480,577,active,7.768659
1527481,577,active,7.306386
1527482,577,active,7.279367
1527490,577,active,8.816097
1539276,577,active,7.032888
1562269,577,inactive,5.444922
1585298,577,active,8.369469
1585301,577,active,6.687408
1585302,577,active,7.526562
1585305,577,active,7.975577
1619227,577,active,8.969013
1619255,577,active,8.128560
1619258,577,active,8.537136
1619276,577,active,8.693025
1619280,577,active,8.806965
1619281,577,active,9.093946
1619283,577,active,8.716925
